sex,age_yrs,race,height_in,weight_lb,bmi,actn3_genotype,nondom_arm_change_pct,dom_arm_change_pct
female,27,Caucasian,65,199,33.112,CC,40,40
male,36,Caucasian,71.7,189,25.845,CT,25,0
female,24,Caucasian,65,134,22.296,CT,40,0
female,40,Caucasian,68,171,25.998,CT,125,0
female,32,Caucasian,61,118,22.293,CC,40,20
female,24,Hispanic,62.2,120,21.805,CT,75,0
female,30,Caucasian,65,134,22.296,TT,100,0
female,28,Caucasian,68,162,24.629,CT,57.1,-14.3
male,27,Hispanic,68.2,189,28.566,CC,33.3,0
female,30,Caucasian,62.2,120,21.805,CT,20,0
female,20,Caucasian,69,131,19.343,CT,25,25
female,23,African Am,62,108,19.751,CT,100,25
female,24,Caucasian,67.2,158,24.597,TT,28.6,12.5
male,34,Caucasian,73,233,30.737,CT,7.1,-7.1
female,31,Caucasian,67.5,141,21.755,CC,75,20
male,38,Caucasian,70,155,22.238,CT,12.5,0
female,39,African Am,68,178,27.062,CC,60,0
female,26,African Am,61,103,19.46,CC,40,33.3
female,30,Caucasian,69,193,28.498,TT,20,0
male,35,Caucasian,68.5,147,22.024,TT,25,-13.3
male,33,Asian,66.5,145,23.05,CT,37.5,-10
female,23,Caucasian,67.5,148,22.835,CT,0,0
female,22,Other,63,114,20.192,CC,0,25
female,25,African Am,68.5,133,19.926,CC,40,20
female,20,Caucasian,64,111,19.051,CC,133.3,0
female,25,Hispanic,60.5,107,20.551,CT,25,0
female,24,Caucasian,67.5,142,21.91,CC,33.3,-16.7
male,26,Other,67.5,194,29.933,CT,40,0
female,38,African Am,65.5,192,31.461,TT,33.3,16.7
female,31,Caucasian,69,202,29.827,TT,33.3,-16.7
female,22,Hispanic,66,160,25.822,TT,40,-20
female,22,Caucasian,62.5,139,25.016,TT,100,0
female,26,Asian,65,164,27.288,TT,75,20
male,27,African Am,73.5,141,18.348,TT,22.2,-20
female,31,Caucasian,65,128,21.298,TT,100,25
female,31,Asian,64.5,112,18.926,CC,20,0
female,35,Asian,65,140,23.295,CC,33.3,0
male,33,Caucasian,74.5,261,33.059,CT,27.3,16.7
female,21,Caucasian,62,124,22.677,CC,20,20
female,40,Hispanic,69.5,132,19.211,TT,6.3,16.7
female,23,Hispanic,63.2,129,22.704,TT,30,0
female,32,African Am,66,187,30.179,CC,8.3,50
male,35,Caucasian,70,186,26.685,CT,10,-15
female,37,Caucasian,66.3,147,23.51,CC,25,8.3
female,20,Caucasian,67,138,21.611,TT,62.5,0
male,27,Caucasian,64.5,138,23.319,TT,22.2,11.1
male,33,Other,67,134,20.985,CC,16.7,0
female,27,Caucasian,64.3,125,21.254,TT,33.3,0
female,22,Hispanic,61,126,23.805,TT,0,-14.3
female,39,Caucasian,66.7,136,21.49,CC,0,0
female,20,Caucasian,66.5,115,18.281,CC,66.7,16.7
female,35,Caucasian,64.7,130,21.832,CC,50,0
female,22,Other,72,156,21.155,CT,50,14.3
female,33,Hispanic,65.7,119,19.381,CC,62.5,10
female,30,Caucasian,66,146,23.562,CC,66.7,0
male,20,Caucasian,69,129,19.048,TT,75,22.2
male,19,Caucasian,68,208,31.623,CC,27.3,0
male,26,Caucasian,65.5,135,22.121,TT,44.4,0
female,20,African Am,63,183,32.413,CC,37.5,25
male,20,Caucasian,69,177,26.135,CC,44.4,10
male,19,Caucasian,70,159,22.812,CT,30,0
female,18,Other,68,128,19.46,CT,40,0
female,19,Asian,65,126,20.965,CT,33.3,16.7
male,20,Caucasian,67,225,35.236,CC,27.3,16.7
male,19,Caucasian,66,156,25.176,CC,27.3,0
female,19,Caucasian,66.5,147,23.368,CC,14.3,16.7
female,19,Caucasian,64.5,117,19.771,CT,60,0
female,34,Asian,62.5,130,23.396,CC,33.3,0
female,20,Caucasian,67,164,25.683,CT,60,20
female,21,Caucasian,68,149,22.653,CT,57.1,16.7
male,25,Caucasian,70,164,23.529,TT,44.4,0
male,21,Asian,68,146,22.197,CT,50,33.3
female,20,Caucasian,64,134,22.999,CC,60,40
male,22,Asian,68,178,27.062,TT,36.4,9.1
male,23,Hispanic,67,160,25.057,CT,45.5,-14.3
female,17,Caucasian,67.5,135,20.83,CT,50,83.3
female,18,Asian,62,154,28.164,TT,66.7,16.7
female,18,Other,67,148,23.178,CT,71.4,0
male,21,Caucasian,66.5,196,31.158,CC,61.5,30.8
female,20,Caucasian,68,180,27.366,CT,33.3,0
male,19,Caucasian,67,195,30.538,CC,72.7,0
female,20,Caucasian,69.2,150,22.021,CC,57.1,12.5
female,22,Caucasian,65.5,149,24.415,CT,80,16.7
male,18,Hispanic,71,227,31.657,CT,58.3,16.7
female,18,Other,62.5,152,27.355,CT,66.7,0
female,19,Caucasian,62,188,34.382,TT,140,16.7
male,19,Caucasian,69,160,23.625,TT,33.3,0
male,22,African Am,70.2,162,23.11,TT,45.5,18.2
female,22,Asian,68,140,21.285,TT,50,0
female,18,African Am,66,132,21.303,TT,60,20
male,23,Caucasian,75.5,291,35.888,TT,13.3,7.7
male,23,Hispanic,66.2,156,25.024,TT,38.5,0
male,25,Hispanic,68,179,27.214,CT,44.4,22.2
female,23,Caucasian,64,133,22.827,TT,125,20
female,23,Caucasian,65,114,18.969,CT,40,0
female,22,Caucasian,71,129,17.99,CT,33.3,0
male,19,Caucasian,72,161,21.833,TT,62.5,25
female,23,Caucasian,63.5,195,33.997,CT,100,43.4
male,18,Caucasian,74,183,23.493,CT,50,25
female,19,Caucasian,63,179,31.705,CT,114.3,25
male,26,Caucasian,67,151,23.647,TT,33.3,0
female,27,Caucasian,61,179,33.818,TT,50,16.7
female,23,African Am,62,130,23.775,CT,100,25
female,23,Caucasian,63,127,22.495,TT,75,0
male,28,Caucasian,69,186,27.464,CT,30,0
female,25,African Am,66,141,22.756,CC,100,0
female,19,Caucasian,64,141,24.2,TT,60,-7.7
male,19,Caucasian,71,242,33.748,CT,34.6,6.7
male,28,Caucasian,72,153,20.748,TT,34.8,20
female,22,Caucasian,68,190,28.886,CC,122.2,16.7
female,26,Asian,63,125,22.14,CT,37.5,-11.1
male,26,Asian,69,203,29.975,CC,19.2,-3.6
female,20,Caucasian,61.2,101,18.957,CT,120,0
female,19,Caucasian,66,131,21.142,CT,81.8,16.7
female,18,Caucasian,65,125,20.799,TT,18.2,0
female,24,Other,65.2,193,31.917,CT,42.9,0
female,23,African Am,65,121,20.133,CC,111.1,20
female,18,Caucasian,57.3,136,29.17,CT,90,9.1
female,19,Caucasian,63.5,153,26.675,CT,83.3,0
female,18,Caucasian,65.7,131,21.335,TT,90,0
female,18,Caucasian,67,128,20.045,CC,114.3,25
female,18,African Am,65.5,115,18.844,CC,72.7,36.4
female,20,African Am,65.5,123,20.155,CT,109.1,9.1
female,19,Asian,60,105,20.504,TT,60,12.5
female,20,Caucasian,63,133,23.557,CC,114.3,20
female,18,Caucasian,63,109,19.306,CC,100,18.2
male,33,Caucasian,70,177,25.394,CT,16.7,0
female,31,Caucasian,66,160,25.822,TT,80,20
female,25,Caucasian,64,196,33.64,CC,66.7,16.7
female,19,Caucasian,69,165,24.364,CT,100,0
male,24,Other,62.5,147,26.455,CT,25,0
male,34,Caucasian,73,169,22.294,CC,62.5,11.1
male,23,Caucasian,69.5,136,19.794,CT,27.3,-8.3
female,21,Other,62.5,150,26.995,CT,60,0
female,27,Hispanic,57.5,109,23.176,TT,50,0
female,36,African Am,62,144,26.335,CC,100,-20
female,33,African Am,64.5,126,21.292,CC,20,20
female,34,Caucasian,67.5,123,18.978,TT,100,0
male,40,Caucasian,72.5,212,28.354,CC,20,7.4
female,26,Caucasian,64.3,133,22.614,CT,40,0
female,28,Caucasian,64.8,124,20.76,CT,60,0
female,34,Caucasian,69.8,140,20.201,CT,100,25
female,34,Caucasian,69.8,130,18.758,CT,28.6,0
male,28,African Am,69.3,256,37.474,CT,15.4,7.1
male,27,Caucasian,68.2,144,21.765,CT,50,16.7
male,29,Caucasian,66.5,169,26.866,CC,5.9,0
male,22,African Am,68.5,173,25.919,CC,55.6,20
female,29,Caucasian,62.5,163,29.335,CT,60,0
female,38,Caucasian,65,155,25.791,TT,150,0
female,28,Asian,61,112,21.16,CC,50,0
male,34,Caucasian,70,305,43.758,CT,16.7,8.3
female,21,Caucasian,63,114,20.192,TT,33.3,-16.7
male,27,Other,72,228,30.919,CT,18.8,13.3
female,39,Caucasian,65,173,28.786,CT,20,-33.3
male,28,Asian,71,144,20.082,CC,42.9,0
female,30,Caucasian,64.2,135,23.026,CT,25,0
female,21,Caucasian,65.8,138,22.407,CT,50,0
female,31,Caucasian,69.2,202,29.655,TT,50,16.7
female,22,Hispanic,62.5,157,28.255,CC,100,0
female,23,Caucasian,65,114,18.969,CC,40,0
female,26,African Am,65.5,182,29.823,CC,116.7,0
male,39,Caucasian,69,191,28.203,CT,26.7,0
female,23,Caucasian,66,127,20.496,CT,50,-16.7
male,38,Caucasian,70.5,209,29.561,CT,25,0
male,22,Caucasian,66,167,26.952,CT,57.1,-14.3
female,34,Caucasian,62,126,23.043,CC,40,0
female,36,Caucasian,66,143,23.078,CT,40,-16.7
male,30,Caucasian,68.8,211,31.337,CT,50,10
female,21,Caucasian,65,131,21.797,TT,150,0
male,21,Caucasian,68.7,172,25.619,CT,18.2,-7.7
male,32,Asian,68.7,155,23.087,TT,50,0
male,25,Other,72.5,177,23.673,TT,36.4,8.3
female,23,Caucasian,63,138,24.443,CT,33.3,0
female,20,Caucasian,62.5,98,17.637,TT,66.7,0
male,30,Asian,65.5,147,24.087,CT,57.1,10
male,39,Asian,69,132,19.491,CC,40,0
male,22,Asian,71,193,26.915,CT,20,-8.3
male,29,Asian,68,166,25.237,CC,20,0
female,24,Asian,60.5,140,26.889,CC,20,20
male,36,Hispanic,65.5,241,39.49,CT,36.4,0
female,38,Hispanic,60.5,171,32.843,TT,42.9,14.3
male,32,Hispanic,68.2,190,28.717,CC,18.8,0
male,32,Caucasian,73.8,217,28.009,CC,30.8,-6.7
female,36,Caucasian,63.7,184,31.878,CC,16.7,0
male,23,Caucasian,69.4,175,25.543,CC,50,14.3
male,25,Caucasian,70.4,169,23.972,CT,10,-10
female,26,Other,67.6,175,26.922,CT,75,25
female,26,Caucasian,67,141,22.081,CC,33.3,-16.7
male,22,Caucasian,75,213,26.62,CC,33.3,0
male,20,Caucasian,72,177,24.003,TT,54.5,18.2
male,21,Caucasian,65,143,23.794,CT,18.2,10
male,25,Asian,67.6,144,22.153,CC,50,0
female,21,Caucasian,60.7,141,26.903,CC,80,0
female,23,Caucasian,64.5,132,22.305,CT,75,0
male,21,Caucasian,73.2,168,22.042,TT,20,-10
male,22,Caucasian,67.5,155,23.916,CC,22.2,0
male,21,Caucasian,70,159,22.812,CC,44.4,-20
male,23,Caucasian,70,144,20.66,TT,20,-27.3
female,20,Caucasian,64,134,22.999,CT,150,20
male,25,Caucasian,69.5,160,23.287,TT,44.4,9.1
male,18,Caucasian,71.2,155,21.494,CC,75,12.5
male,18,Caucasian,72.4,185,24.811,CT,60,0
male,24,Caucasian,71,168,23.429,CT,37.5,0
male,22,Caucasian,74.4,169,21.463,TT,62.5,25
male,20,Caucasian,75.3,187,23.185,CT,27.3,8.3
male,20,Caucasian,66.9,152,23.875,CT,42.9,25
male,29,Caucasian,72.4,186,24.945,TT,25,7.7
male,29,Asian,66.5,144,22.892,CT,33.3,10
male,22,Caucasian,71,183,25.521,CT,25,8.3
male,30,Other,70.3,143,20.341,CC,36.4,0
male,25,Caucasian,68.1,176,26.679,CC,22.2,9.1
female,20,Caucasian,66.3,146,23.35,CC,33.3,14.3
male,33,Caucasian,70.5,159,22.489,CT,57.1,0
male,25,Caucasian,67.9,158,24.092,TT,30,10
female,19,Caucasian,63.4,121,21.162,CT,60,20
female,18,Caucasian,67,160,25.057,CT,200,0
female,18,Caucasian,67,192,30.068,CT,100,20
female,19,Caucasian,67,151,23.647,CC,100,40
male,18,Caucasian,67.6,139,21.383,CT,62.5,0
male,19,Caucasian,70,177,25.394,TT,40,18.2
male,18,Caucasian,67,151,23.647,CT,71.4,0
female,18,Caucasian,64.4,145,24.578,CT,60,0
male,18,Caucasian,67,125,19.576,CT,87.5,0
male,18,Caucasian,71,162,22.592,CT,100,37.5
male,19,Caucasian,74,154,19.77,CT,33.3,8.3
female,19,Caucasian,63,124,21.963,CT,100,0
female,19,Caucasian,65.5,126,20.646,CT,100,0
female,19,Caucasian,64.7,125,20.992,CC,33.3,0
male,18,Caucasian,67.3,139,21.574,CC,100,20
male,18,Caucasian,68,192,29.19,CT,30,0
female,19,Caucasian,64,122,20.939,TT,60,20
male,21,Caucasian,70,157,22.525,CC,50,9.1
female,19,Caucasian,62.1,116,21.146,CT,250,50
female,18,Caucasian,66.6,143,22.664,CT,100,0
female,20,Caucasian,66.5,134,21.302,CT,120,20
female,19,Caucasian,65.1,166,27.536,CC,66.7,16.7
female,18,Caucasian,65,134,22.296,CT,120,40
male,19,Caucasian,71,153,21.337,CC,50,0
female,18,Caucasian,67.3,154,23.903,CT,100,20
female,18,Caucasian,67,131,20.515,CT,75,0
male,24,Caucasian,72,168,22.782,CC,50,10
male,36,Caucasian,71,191,26.636,CT,33.3,0
male,20,Caucasian,71,159,22.174,CC,30,0
male,21,Caucasian,68,162,24.629,CT,80,16.7
male,20,Caucasian,71.2,151,20.94,CT,20,0
male,24,Caucasian,71.3,158,21.849,CT,85.7,0
male,18,Caucasian,70.3,162,23.044,CC,33.3,11.1
female,20,Caucasian,61,114,21.538,CC,50,0
female,23,Caucasian,64,182,31.237,TT,125,0
male,19,Caucasian,66.5,164,26.071,TT,38.5,16.7
male,25,Caucasian,67.7,217,33.284,CC,75,16.7
male,26,Other,67.8,121,18.505,CC,50,27.3
male,24,Other,72.6,135,18.006,TT,85.7,11.1
male,30,Other,66.5,105,16.692,CC,150,80
male,24,Caucasian,67.2,129,20.082,CT,57.1,11.1
male,25,Caucasian,68,143,21.741,TT,30,0
female,26,Caucasian,62.5,151,27.175,CT,100,0
male,25,Caucasian,67.5,191,29.47,CT,62.5,0
female,39,Caucasian,66,135,21.787,CT,25,0
female,21,Caucasian,65.5,163,26.709,CC,42.9,33.3
male,25,Caucasian,69,148,21.853,CT,62.5,0
male,22,Caucasian,72,212,28.749,CC,23.1,-12.5
female,23,Caucasian,63.5,165,28.767,CC,125,50
female,22,Caucasian,66,248,40.024,TT,120,14.3
male,34,Asian,57,157,33.971,TT,57.1,0
female,34,Caucasian,65,203,33.777,CT,16.7,0
male,21,Caucasian,74,317,40.696,CC,33.3,6.3
male,21,Caucasian,68,132,20.068,CT,33.3,10
male,28,Caucasian,73,195,25.724,CT,45.5,-8.3
male,24,Caucasian,65,150,24.959,TT,60,18.2
male,25,Caucasian,75.3,190,23.557,CT,40,16.7
male,23,Asian,64.5,174,29.403,CT,9.1,0
male,24,Caucasian,72,150,20.341,TT,100,18.2
male,21,Caucasian,67,232,36.332,CT,25,-7.7
male,20,Caucasian,68,170,25.846,CC,15.4,0
female,22,Caucasian,63,151,26.746,CT,40,0
female,33,Caucasian,63.5,187,32.602,CT,33.3,-16.7
male,26,Asian,71,146,20.361,CT,37.5,25
female,23,Caucasian,67,164,25.683,CT,80,20
female,22,Caucasian,67.2,144,22.417,CC,80,50
female,23,Caucasian,62,123,22.495,CC,40,0
female,18,Asian,60,123,24.019,CT,60,20
female,20,Caucasian,59.5,161,31.97,CT,50,0
male,25,Caucasian,69.5,203,29.545,CT,66.7,23.1
male,30,Hispanic,66.5,173,27.502,TT,27.3,0
male,24,Caucasian,68.5,152,22.773,TT,50,10
male,23,Asian,64.7,153,25.694,TT,57.1,0
female,19,Caucasian,67.5,137,21.138,TT,40,16.7
male,19,Asian,71,145,20.221,CC,80,16.7
male,19,Caucasian,70.5,308,43.564,TT,54.5,7.1
female,20,Caucasian,66.7,168,26.547,CC,100,16.7
male,19,Caucasian,70,201,28.837,CT,38.5,27.3
female,19,Caucasian,64.5,122,20.616,CT,60,20
female,19,Caucasian,60.5,104,19.975,CT,100,0
female,18,Caucasian,68.2,147,22.218,CT,60,0
female,19,Asian,63.2,113,19.888,CC,25,0
female,31,Asian,64,141,24.2,CT,25,-16.7
male,27,Asian,67,154,24.117,TT,9.1,-8.3
male,33,Caucasian,71,156,21.755,CT,30.8,0
male,23,Caucasian,67.5,120,18.515,CT,0,-25
female,37,Caucasian,71,244,34.027,CT,20,22.2
female,19,Caucasian,64,115,19.738,CC,71.4,14.3
female,25,Asian,60,108,21.09,CC,25,-25
male,24,Asian,68,140,21.285,CC,0,-26.7
male,22,Caucasian,69.7,174,25.179,TT,21.4,0
male,23,Caucasian,64,125,21.454,CC,33.3,-8.3
female,21,Caucasian,66.7,183,28.917,CC,37.5,0
female,21,Caucasian,60.2,95,18.428,TT,50,0
male,25,Caucasian,73,218,28.758,CC,50,8.3
male,25,Caucasian,70.5,170,24.045,TT,13.3,-6.7
male,18,Caucasian,72.7,173,23.011,CC,30.8,-7.7
male,22,Caucasian,73,182,24.009,TT,45.5,16.7
male,24,Caucasian,73,178,23.482,CT,66.7,20
female,22,Caucasian,66,170,27.436,CT,50,33.3
male,25,Caucasian,70,185,26.542,CC,53.8,7.1
female,22,Caucasian,69,169,24.954,CT,20,0
female,19,Caucasian,61,107,20.215,TT,80,75
female,19,African Am,66.5,134,21.302,TT,100,25
male,20,Caucasian,67,150,23.491,CT,45.5,-18.2
male,29,Other,71.5,184,25.302,CC,40,20
male,18,Hispanic,68,146,22.197,CT,22.2,0
female,19,Caucasian,66,135,21.787,CT,40,20
male,20,Caucasian,67,176,27.562,CT,25,0
female,22,Caucasian,62.7,97,17.346,TT,66.7,0
male,38,Caucasian,73,242,31.925,CT,35.7,0
male,23,Caucasian,73,171,22.558,CT,20,0
male,29,Caucasian,71,210,29.286,CT,15.4,0
female,19,Caucasian,67.2,152,23.662,CT,100,25
female,19,Caucasian,63.5,114,19.875,CT,40,0
male,19,Caucasian,77,220,26.085,CT,36.4,-16.7
male,32,Caucasian,68,178,27.062,CT,18.2,-7.7
male,20,Asian,72.5,160,21.399,CT,27.3,0
male,25,Caucasian,69,129,19.048,TT,66.7,0
male,21,Caucasian,69.5,148,21.54,TT,44.4,-14.3
male,18,Caucasian,72.5,190,25.412,CC,36.4,-26.7
male,22,Hispanic,73,150,19.788,CT,50,10
male,28,Asian,71,141,19.663,CC,42.9,0
female,22,Caucasian,71,185,25.799,CT,54.3,11.1
female,20,Caucasian,68,151,22.957,TT,57.1,25
female,22,Caucasian,67,140,21.925,CT,120,16.7
female,20,Caucasian,64,108,18.536,TT,166.7,100
male,21,Caucasian,67,134,20.985,TT,40,8.3
male,20,Caucasian,70.5,206,29.137,CC,20,0
female,19,Caucasian,61.7,106,19.575,CT,80,20
female,19,Caucasian,70.8,155,21.738,CT,100,50
female,27,Caucasian,63.5,197,34.346,CT,42.9,0
female,36,Caucasian,65,130,21.631,CT,42.9,14.3
female,19,Caucasian,69,193,28.498,CC,42.9,0
female,20,Caucasian,67,125,19.576,CT,28.6,14.3
female,23,Caucasian,63.3,160,28.072,CC,100,0
male,21,Caucasian,72,166,22.511,CT,8.3,8.3
male,21,Caucasian,69,150,22.149,CT,60,30
female,19,Caucasian,65,120,19.967,CC,125,16.7
male,22,Caucasian,69.5,169,24.596,CC,40,16.7
female,21,African Am,69.3,260,38.059,CT,75,10
male,21,Caucasian,67.8,174,26.61,CT,30.8,7.7
male,21,Caucasian,69.7,153,22.14,CT,35.7,-14.3
female,20,Caucasian,63,117,20.723,CT,42.9,14.3
male,21,Caucasian,69,180,26.578,CT,10,0
female,19,Caucasian,64.5,133,22.474,CC,120,20
male,24,Caucasian,69,183,27.021,CT,56.3,29.4
female,39,Caucasian,64.7,192,32.244,CC,50,16.7
female,18,Caucasian,66.7,147,23.228,CC,66.7,16.7
female,22,Caucasian,64.7,131,22,CT,66.7,40
female,18,Caucasian,61.7,141,26.038,CT,100,16.7
female,22,Caucasian,66.2,175,28.072,CT,25,25
female,21,Caucasian,67,163,25.527,CC,83.3,16.7
female,19,Caucasian,68,170,25.846,CT,50,0
male,19,Asian,68,160,24.325,TT,55.6,7.7
female,23,Caucasian,62.7,130,23.247,CT,66.7,0
female,19,Caucasian,65.7,129,21.009,CT,33.3,0
female,19,Caucasian,62,135,24.689,CT,28.6,12.5
female,22,Caucasian,65,247,41.098,TT,27.3,-9.1
female,21,Caucasian,66,165,26.629,CC,66.7,12.5
female,29,Caucasian,63.7,198,34.304,CT,22.2,0
female,32,Caucasian,62,170,31.09,CC,37.5,12.5
female,21,Caucasian,70,133,19.081,TT,120,50
female,20,Caucasian,68,221,33.599,CT,23.1,14.3
female,39,Caucasian,66,196,31.632,CT,28.6,28.6
male,18,Caucasian,70,146,20.947,CT,50,0
male,20,Caucasian,71,173,24.126,CT,30,22.2
female,21,Caucasian,63.5,119,20.747,CT,60,-16.7
female,19,Caucasian,63,118,20.9,CC,100,0
female,21,Caucasian,70,165,23.672,TT,83.3,16.7
female,23,Caucasian,64,140,24.028,CT,80,0
male,26,Asian,66,116,18.721,CT,37.5,25
male,21,Caucasian,72,152,20.613,TT,66.7,12.5
male,22,Caucasian,73,139,18.337,CT,44.4,0
female,21,Caucasian,64.5,100,16.898,CT,100,0
male,22,Caucasian,69,171,25.25,CT,41.2,17.6
female,21,Caucasian,67,127,19.889,CT,75,75
female,19,Caucasian,65,126,20.965,CT,80,16.7
female,19,Caucasian,64,130,22.312,CT,50,0
female,27,Caucasian,57,82,17.743,CC,75,20
male,39,Asian,62,111,20.3,CT,13.3,14.3
female,20,Caucasian,62,137,25.055,TT,57.1,28.6
male,22,Asian,67,161,25.213,CT,57.1,11.1
female,24,Caucasian,68,140,21.285,CC,50,0
male,24,Asian,74,145,18.615,CT,71.4,20
female,35,Caucasian,63,129,22.849,CC,83.3,0
female,19,Caucasian,63,125,22.14,CT,66.7,16.7
male,22,Asian,67,99,15.504,CT,50,14.3
male,27,Other,67,138,21.611,TT,50,9.1
female,21,Caucasian,65,131,21.797,CT,80,16.7
female,21,Caucasian,63,225,39.853,CC,100,0
male,26,Other,73,177,23.35,TT,41.7,8.3
female,21,Caucasian,69,160,23.625,TT,80,0
female,25,Caucasian,64,222,38.102,CT,50,33.3
female,19,Caucasian,67,132,20.672,CT,100,33.3
female,19,Caucasian,62,130,23.775,CC,60,20
female,21,Caucasian,64,121,20.767,TT,100,28.6
female,31,Asian,63,103,18.244,CC,66.7,100
female,20,Caucasian,65,135,22.463,CT,60,0
male,20,Caucasian,76,180,21.908,CC,40,8.3
female,20,Caucasian,66,191,30.825,TT,100,40
female,21,Caucasian,70,173,24.82,TT,100,40
female,26,Asian,70,162,23.242,TT,30,-10
female,21,Caucasian,65.9,189,30.595,CT,80,20
male,23,Hispanic,68,165,25.085,TT,27.3,7.7
female,21,Caucasian,67,175,27.406,TT,57.1,0
male,21,Caucasian,68,141,21.437,TT,50,20
female,21,Caucasian,62,110,20.117,TT,60,20
female,20,Caucasian,65,125,20.799,TT,116,28.6
female,19,Caucasian,64,133,22.827,TT,100,14.3
female,18,Caucasian,65,146,24.293,TT,150,100
female,32,Caucasian,65,210,34.942,TT,83.3,66.7
female,20,Caucasian,69,141,20.82,TT,28.6,28.6
female,23,Caucasian,63,109,19.306,TT,66.7,14.3
female,26,Caucasian,66,143,23.078,TT,83.3,14.3
female,18,Caucasian,66,137,22.11,CT,80,20
female,22,Caucasian,68,150,22.805,TT,100,20
female,21,Caucasian,64.3,144,24.485,TT,37.5,-22.2
female,21,Caucasian,65,130,21.631,CT,80,40
female,30,Caucasian,67,156,24.43,TT,233.3,40
male,29,Caucasian,74,203,26.061,TT,60,-8.3
female,19,Caucasian,65,124,20.632,TT,125,40
female,21,Caucasian,63,139,24.62,TT,100,-33.3
female,21,Caucasian,66,214,34.537,TT,20,33.3
female,19,Caucasian,70,158,22.668,TT,15.4,8.3
female,26,Caucasian,61,109,20.593,CT,100,0
female,24,Caucasian,67,174,27.249,CC,60,28.6
female,22,Caucasian,63,132,23.38,CT,40,0
male,19,Hispanic,70.5,226,31.966,CT,27.3,8.3
female,21,Caucasian,60,106,20.699,CT,50,0
female,21,Caucasian,65,151,25.125,CT,66.7,22.2
male,23,Caucasian,65,185,30.782,CT,20,16.7
female,19,Caucasian,67,162,25.37,CC,16.7,16.7
female,23,Caucasian,68,140,21.285,CC,33.3,16.7
female,20,African Am,68,127,19.308,CT,33.3,33.3
female,22,Caucasian,71,156,21.755,CC,14.3,12.5
male,19,African Am,69,159,23.478,CC,17.6,0
male,25,Caucasian,66,192,30.986,CC,6.7,-5.6
male,20,Caucasian,70,150,21.52,CT,27.3,27.3
female,20,Caucasian,64,113,19.394,CT,40,20
female,20,Caucasian,65,148,24.626,CT,0,-14.3
female,26,Caucasian,67,155,24.274,CT,42.9,0
female,38,Caucasian,63.5,125,21.793,CC,33.3,14.3
female,39,Caucasian,66,202,32.6,CC,0,14.3
female,27,Caucasian,68.5,141,21.125,CT,16.7,-12.5
female,18,Other,60,117,22.848,TT,75,60
female,36,Caucasian,64,154,26.431,CT,75,0
male,36,Caucasian,69,157,23.182,CT,20,-10
female,30,Caucasian,64,150,25.745,CT,0,0
male,37,Caucasian,65,156,25.957,TT,8.3,0
female,26,Caucasian,66.7,151,23.861,CC,0,-14.3
female,33,Caucasian,61,157,29.662,CC,33.3,14.3
female,37,Caucasian,68,189,28.734,CT,28.6,-11.1
female,36,Caucasian,68,196,29.798,CC,62.5,28.6
female,18,Caucasian,67,177,27.719,CT,57.1,11.1
female,31,Caucasian,64,132,22.655,TT,33.3,20
female,25,Caucasian,61.5,144,26.765,CT,120,60
female,20,Caucasian,64,123,21.111,CT,0,0
male,24,Caucasian,71.5,191,26.265,CT,18.2,44.4
female,25,Caucasian,66.5,118,18.758,CC,50,0
male,35,African Am,69,178,26.283,CC,25,5.9
male,20,Caucasian,72,204,27.664,TT,16.7,-5.9
male,36,Caucasian,69,162,23.921,CT,70,0
female,38,Caucasian,66,111,17.914,CC,40,20
female,25,Caucasian,68.5,182,27.268,CC,20,16.7
male,25,Caucasian,74,202,25.932,CC,14.3,0
male,21,Hispanic,68,151,22.957,CT,55.6,10
male,33,Caucasian,67,174,27.249,CT,30.8,15.4
female,37,Caucasian,67.5,153,23.607,CC,33.3,28.6
female,21,Caucasian,66.5,155,24.64,CT,42.9,0
female,25,Caucasian,64,165,28.319,CT,33.3,0
male,19,Caucasian,71,195,27.194,TT,38.5,7.1
female,20,Caucasian,71,157,21.895,CC,11.1,-11.1
male,20,Caucasian,69.5,157,22.85,CT,54.5,8.3
female,22,Caucasian,67,122,19.106,CT,100,20
female,34,Caucasian,67.3,142,22.04,TT,100,28.6
male,22,Caucasian,69.3,145,21.225,TT,60,40
female,25,Caucasian,63,146,25.86,TT,28.6,28.6
male,19,Caucasian,74,137,17.588,CC,25,16.7
female,34,Caucasian,64.5,147,24.84,TT,28.6,16.7
male,21,Caucasian,68,175,26.606,TT,33.3,7.7
female,23,Caucasian,67.5,167,25.767,TT,55.6,44.4
female,21,Caucasian,62,128,23.409,TT,71.4,0
female,21,Caucasian,69,143,21.115,TT,42.9,25
female,19,Caucasian,64.5,114,19.264,CT,100,60
female,33,Caucasian,65.5,168,27.528,TT,57.1,0
male,19,Caucasian,72.5,158,21.132,TT,75,44.4
female,19,African Am,64.5,221,37.345,CC,14.3,28.6
female,19,Caucasian,64.5,119,20.109,TT,50,33.3
male,20,Caucasian,66,262,42.283,TT,25,25
female,20,Caucasian,66,125,20.173,TT,60,0
female,19,Caucasian,61.5,135,25.092,CC,42.9,14.3
female,20,Caucasian,66,155,25.015,TT,50,0
female,22,Caucasian,64,105,18.021,TT,33.3,33.3
male,20,Caucasian,72,159,21.562,TT,40,27.3
female,20,Caucasian,66.5,148,23.527,TT,100,16.7
male,29,Caucasian,70.5,171,24.187,CT,36.4,-15.4
male,32,Other,67.5,151,23.298,CT,23.1,7.1
male,35,Other,67.5,204,31.476,CC,46.2,21.4
male,27,Caucasian,71.5,159,21.865,CT,36.4,25
female,31,Asian,62,110,20.117,CC,40,60
female,23,Caucasian,62.2,117,21.26,TT,16.7,16.7
female,24,Caucasian,65.5,130,21.302,CC,66.7,21.7
male,19,Caucasian,68,147,22.349,CT,36.4,25
female,21,Caucasian,62,112,20.483,CC,42.9,14.3
male,24,Caucasian,67,164,25.683,CT,50,0
male,19,Caucasian,70,156,22.381,CT,50,10
male,33,Caucasian,71,210,29.286,CC,28.6,7.1
female,22,Asian,62,129,23.592,TT,66.7,25
female,19,Asian,63,137,24.266,CC,46,16.7
female,19,Asian,62,145,26.518,TT,50,25
male,29,Asian,64,134,22.999,TT,62.5,30
female,28,Caucasian,65,155,25.791,CC,30,-8.3
female,31,Caucasian,68,136,20.676,CT,33.3,28.6
female,37,Asian,64,125,21.454,TT,50,14.3
female,35,Caucasian,66,124,20.012,TT,120,60
female,27,Caucasian,66,146,23.562,CC,42.9,12.5
female,22,Caucasian,66,134,21.626,CC,83.3,100
female,31,Caucasian,62,122,22.312,CC,50,28.6
female,22,Caucasian,62,118,21.58,CT,66.7,50
female,37,Caucasian,68,152,23.109,CT,116.7,33.3
male,27,Caucasian,75,196,24.496,CC,35.7,12.5
female,20,Caucasian,60,90,17.575,CT,80,14.3
male,19,Caucasian,70,135,19.368,CC,35.7,14.3
female,22,Caucasian,69,136,20.081,CT,66.7,0
male,24,Caucasian,73,212,27.967,CC,43.8,12.5
female,20,Caucasian,63.5,140,24.408,TT,37.5,12.5
female,23,Caucasian,66,133,21.464,CC,25,0
female,19,Caucasian,66,150,24.208,TT,71.4,71.4
female,29,Caucasian,60,123,24.019,TT,100,42.9
female,20,Caucasian,68,124,18.852,TT,25,12.5
male,38,Caucasian,70,172,24.677,CT,33.3,-11.1
female,24,Caucasian,66,124,20.012,TT,36.4,18.2
female,23,Caucasian,64,136,23.342,CC,37.5,28.6
female,20,Caucasian,60,129,25.191,CC,57.1,0
female,24,Caucasian,65,124,20.632,TT,57.1,11.1
female,22,Caucasian,65.5,130,21.302,CT,50,0
male,39,Caucasian,74.4,200,25.4,CT,15.4,0
female,21,Caucasian,64,112,19.223,CT,37.5,0
male,39,Caucasian,70,210,30.129,TT,7.7,7.7
male,21,Caucasian,65,133,22.13,CT,40,25
male,22,Caucasian,73,175,23.086,CT,30,9.1
female,30,Caucasian,63,126,22.317,CC,33.3,0
female,26,Caucasian,63,118,20.9,CT,50,-14.3
male,22,Caucasian,74,201,25.804,TT,6.7,-17.6
female,38,African Am,62,133,24.323,CC,16.7,-14.3
female,25,Caucasian,65,147,24.459,TT,33.3,-16.7
female,20,Caucasian,65,132,21.964,CT,80,0
female,20,Caucasian,65,132,21.964,CT,125,0
female,20,Caucasian,65.5,169,27.692,CT,42.9,12.5
female,22,Caucasian,62,100,18.288,CT,75,0
female,26,Asian,65,145,24.127,TT,50,14.3
male,24,Caucasian,72,214,29.02,TT,50,16.7
male,22,Caucasian,68,109,16.572,TT,28.6,0
male,22,Caucasian,67,122,19.106,CT,50,14.3
female,32,Caucasian,65,116,19.301,CC,75,0
male,33,Caucasian,69,158,23.33,TT,54.5,-7.7
male,30,Caucasian,73,214,28.231,CT,22.2,9.1
male,24,Caucasian,70,186,26.685,CT,36.4,9.1
female,26,Caucasian,66,168,27.113,CT,100,0
female,33,Caucasian,62,179,32.736,CC,43.8,7.1
male,33,Caucasian,70,166,23.816,CC,12.5,-9.1
male,28,Caucasian,71,295,41.14,TT,27.3,0
male,27,Caucasian,71,148,20.64,CC,71.4,-22.2
female,24,Caucasian,64,118,20.252,TT,62.5,25
female,31,Caucasian,62,131,23.958,CC,53.8,11.1
female,40,Caucasian,64,227,38.96,CT,50,0
male,26,Caucasian,75,221,27.62,CC,75,-22.7
female,20,Caucasian,62,149,27.249,CT,100,0
female,22,Caucasian,62,147,26.884,CT,100,7.7
male,29,Asian,68,187,28.43,CC,41.2,11.1
male,39,Caucasian,72,273,37.021,CT,36.4,0
female,19,Caucasian,61,110,20.782,TT,70,0
male,19,Caucasian,72,160,21.698,CT,16.7,3.6
male,20,Caucasian,74,184,23.622,CC,33.3,12.9
male,24,Asian,67,157,24.587,CC,52.9,12.5
male,24,Asian,71.5,163,22.415,CC,62.5,28.6
female,22,Caucasian,65.5,136,22.285,CT,87.5,12.5
female,21,Asian,59,99.5,20.094,CT,100,12.5
female,31,Caucasian,64,134,22.999,CT,43.8,14.3
female,30,Caucasian,64,134,22.999,CC,43.8,14.3
